path	type	source_url
alerts/2025/2025-10-22-cisa-adds-one-known-exploited-vulnerabilities-catalog.md	alert	https://www.cisa.gov/news-events/alerts/2025/10/22/cisa-adds-one-known-exploited-vulnerabilities-catalog
alerts/2025/2025-10-23-cisa-releases-eight-industrial-control-systems-advisories.md	alert	https://www.cisa.gov/news-events/alerts/2025/10/23/cisa-releases-eight-industrial-control-systems-advisories
alerts/2025/2025-10-24-cisa-adds-two-known-exploited-vulnerabilities-catalog.md	alert	https://www.cisa.gov/news-events/alerts/2025/10/24/cisa-adds-two-known-exploited-vulnerabilities-catalog
alerts/2025/2025-10-24-microsoft-releases-out-band-security-update-mitigate-windows-server-update-service-vulnerability-cve.md	alert	https://www.cisa.gov/news-events/alerts/2025/10/24/microsoft-releases-out-band-security-update-mitigate-windows-server-update-service-vulnerability-cve
alerts/2025/2025-10-28-cisa-adds-two-known-exploited-vulnerabilities-catalog.md	alert	https://www.cisa.gov/news-events/alerts/2025/10/28/cisa-adds-two-known-exploited-vulnerabilities-catalog
alerts/2025/2025-10-28-cisa-releases-three-industrial-control-systems-advisories.md	alert	https://www.cisa.gov/news-events/alerts/2025/10/28/cisa-releases-three-industrial-control-systems-advisories
alerts/2025/2025-10-30-cisa-adds-two-known-exploited-vulnerabilities-catalog.md	alert	https://www.cisa.gov/news-events/alerts/2025/10/30/cisa-adds-two-known-exploited-vulnerabilities-catalog
alerts/2025/2025-10-30-cisa-releases-two-industrial-control-systems-advisories.md	alert	https://www.cisa.gov/news-events/alerts/2025/10/30/cisa-releases-two-industrial-control-systems-advisories
alerts/2025/2025-10-30-new-guidance-released-microsoft-exchange-server-security-best-practices.md	alert	https://www.cisa.gov/news-events/alerts/2025/10/30/new-guidance-released-microsoft-exchange-server-security-best-practices
alerts/2025/2025-11-04-cisa-adds-two-known-exploited-vulnerabilities-catalog.md	alert	https://www.cisa.gov/news-events/alerts/2025/11/04/cisa-adds-two-known-exploited-vulnerabilities-catalog
alerts/2025/2025-11-04-cisa-releases-five-industrial-control-systems-advisories.md	alert	https://www.cisa.gov/news-events/alerts/2025/11/04/cisa-releases-five-industrial-control-systems-advisories
alerts/2025/2025-11-06-cisa-releases-four-industrial-control-systems-advisories.md	alert	https://www.cisa.gov/news-events/alerts/2025/11/06/cisa-releases-four-industrial-control-systems-advisories
alerts/2025/2025-11-10-cisa-adds-one-known-exploited-vulnerabilities-catalog.md	alert	https://www.cisa.gov/news-events/alerts/2025/11/10/cisa-adds-one-known-exploited-vulnerabilities-catalog
alerts/2025/2025-11-12-cisa-adds-three-known-exploited-vulnerabilities-catalog.md	alert	https://www.cisa.gov/news-events/alerts/2025/11/12/cisa-adds-three-known-exploited-vulnerabilities-catalog
alerts/2025/2025-11-12-update-implementation-guidance-emergency-directive-cisco-asa-and-firepower-device-vulnerabilities.md	alert	https://www.cisa.gov/news-events/alerts/2025/11/12/update-implementation-guidance-emergency-directive-cisco-asa-and-firepower-device-vulnerabilities
alerts/2025/2025-11-13-cisa-and-partners-release-advisory-update-akira-ransomware.md	alert	https://www.cisa.gov/news-events/alerts/2025/11/13/cisa-and-partners-release-advisory-update-akira-ransomware
alerts/2025/2025-11-13-cisa-releases-18-industrial-control-systems-advisories.md	alert	https://www.cisa.gov/news-events/alerts/2025/11/13/cisa-releases-18-industrial-control-systems-advisories
alerts/2025/2025-11-14-cisa-adds-one-known-exploited-vulnerabilities-catalog.md	alert	https://www.cisa.gov/news-events/alerts/2025/11/14/cisa-adds-one-known-exploited-vulnerabilities-catalog
alerts/2025/2025-11-14-fortinet-releases-security-advisory-relative-path-traversal-vulnerability-affecting-fortiweb.md	alert	https://www.cisa.gov/news-events/alerts/2025/11/14/fortinet-releases-security-advisory-relative-path-traversal-vulnerability-affecting-fortiweb
alerts/2025/2025-11-18-cisa-adds-one-known-exploited-vulnerabilities-catalog.md	alert	https://www.cisa.gov/news-events/alerts/2025/11/18/cisa-adds-one-known-exploited-vulnerabilities-catalog
alerts/2025/2025-11-18-cisa-releases-six-industrial-control-systems-advisories.md	alert	https://www.cisa.gov/news-events/alerts/2025/11/18/cisa-releases-six-industrial-control-systems-advisories
alerts/2025/2025-11-19-cisa-adds-one-known-exploited-vulnerabilities-catalog.md	alert	https://www.cisa.gov/news-events/alerts/2025/11/19/cisa-adds-one-known-exploited-vulnerabilities-catalog
alerts/2025/2025-11-19-cisa-releases-guide-mitigate-risks-bulletproof-hosting-providers.md	alert	https://www.cisa.gov/news-events/alerts/2025/11/19/cisa-releases-guide-mitigate-risks-bulletproof-hosting-providers
alerts/2025/2025-11-20-cisa-releases-six-industrial-control-systems-advisories.md	alert	https://www.cisa.gov/news-events/alerts/2025/11/20/cisa-releases-six-industrial-control-systems-advisories
alerts/2025/2025-11-21-cisa-adds-one-known-exploited-vulnerabilities-catalog.md	alert	https://www.cisa.gov/news-events/alerts/2025/11/21/cisa-adds-one-known-exploited-vulnerabilities-catalog
alerts/2025/2025-11-24-spyware-allows-cyber-threat-actors-target-users-messaging-applications.md	alert	https://www.cisa.gov/news-events/alerts/2025/11/24/spyware-allows-cyber-threat-actors-target-users-messaging-applications
alerts/2025/2025-11-25-cisa-releases-seven-industrial-control-systems-advisories.md	alert	https://www.cisa.gov/news-events/alerts/2025/11/25/cisa-releases-seven-industrial-control-systems-advisories
alerts/2025/2025-11-28-cisa-adds-one-known-exploited-vulnerabilities-catalog.md	alert	https://www.cisa.gov/news-events/alerts/2025/11/28/cisa-adds-one-known-exploited-vulnerabilities-catalog
alerts/2025/2025-12-02-cisa-adds-two-known-exploited-vulnerabilities-catalog.md	alert	https://www.cisa.gov/news-events/alerts/2025/12/02/cisa-adds-two-known-exploited-vulnerabilities-catalog
alerts/2025/2025-12-02-cisa-releases-five-industrial-control-systems-advisories.md	alert	https://www.cisa.gov/news-events/alerts/2025/12/02/cisa-releases-five-industrial-control-systems-advisories
alerts/2025/2025-12-03-cisa-adds-one-known-exploited-vulnerabilities-catalog.md	alert	https://www.cisa.gov/news-events/alerts/2025/12/03/cisa-adds-one-known-exploited-vulnerabilities-catalog
alerts/2025/2025-12-03-cisa-australia-and-partners-author-joint-guidance-securely-integrating-artificial-intelligence.md	alert	https://www.cisa.gov/news-events/alerts/2025/12/03/cisa-australia-and-partners-author-joint-guidance-securely-integrating-artificial-intelligence
alerts/2025/2025-12-04-cisa-releases-nine-industrial-control-systems-advisories.md	alert	https://www.cisa.gov/news-events/alerts/2025/12/04/cisa-releases-nine-industrial-control-systems-advisories
alerts/2025/2025-12-04-prc-state-sponsored-actors-use-brickstorm-malware-across-public-sector-and-information-technology.md	alert	https://www.cisa.gov/news-events/alerts/2025/12/04/prc-state-sponsored-actors-use-brickstorm-malware-across-public-sector-and-information-technology
alerts/2025/2025-12-05-cisa-adds-one-known-exploited-vulnerabilities-catalog.md	alert	https://www.cisa.gov/news-events/alerts/2025/12/05/cisa-adds-one-known-exploited-vulnerabilities-catalog
alerts/2025/2025-12-08-cisa-adds-two-known-exploited-vulnerabilities-catalog.md	alert	https://www.cisa.gov/news-events/alerts/2025/12/08/cisa-adds-two-known-exploited-vulnerabilities-catalog
alerts/2025/2025-12-09-cisa-adds-two-known-exploited-vulnerabilities-catalog.md	alert	https://www.cisa.gov/news-events/alerts/2025/12/09/cisa-adds-two-known-exploited-vulnerabilities-catalog
alerts/2025/2025-12-09-cisa-releases-three-industrial-control-systems-advisories.md	alert	https://www.cisa.gov/news-events/alerts/2025/12/09/cisa-releases-three-industrial-control-systems-advisories
alerts/2025/2025-12-09-opportunistic-pro-russia-hacktivists-attack-us-and-global-critical-infrastructure.md	alert	https://www.cisa.gov/news-events/alerts/2025/12/09/opportunistic-pro-russia-hacktivists-attack-us-and-global-critical-infrastructure
alerts/2025/2025-12-11-2025-cwe-top-25-most-dangerous-software-weaknesses.md	alert	https://www.cisa.gov/news-events/alerts/2025/12/11/2025-cwe-top-25-most-dangerous-software-weaknesses
alerts/2025/2025-12-11-cisa-adds-one-known-exploited-vulnerabilities-catalog.md	alert	https://www.cisa.gov/news-events/alerts/2025/12/11/cisa-adds-one-known-exploited-vulnerabilities-catalog
alerts/2025/2025-12-11-cisa-releases-12-industrial-control-systems-advisories.md	alert	https://www.cisa.gov/news-events/alerts/2025/12/11/cisa-releases-12-industrial-control-systems-advisories
alerts/2025/2025-12-11-cybersecurity-performance-goals-20-critical-infrastructure.md	alert	https://www.cisa.gov/news-events/alerts/2025/12/11/cybersecurity-performance-goals-20-critical-infrastructure
alerts/2025/2025-12-12-cisa-adds-one-known-exploited-vulnerabilities-catalog-0.md	alert	https://www.cisa.gov/news-events/alerts/2025/12/12/cisa-adds-one-known-exploited-vulnerabilities-catalog-0
alerts/2025/2025-12-12-cisa-adds-one-known-exploited-vulnerabilities-catalog.md	alert	https://www.cisa.gov/news-events/alerts/2025/12/12/cisa-adds-one-known-exploited-vulnerabilities-catalog
alerts/2025/2025-12-15-cisa-adds-two-known-exploited-vulnerabilities-catalog.md	alert	https://www.cisa.gov/news-events/alerts/2025/12/15/cisa-adds-two-known-exploited-vulnerabilities-catalog
alerts/2025/2025-12-16-cisa-adds-one-known-exploited-vulnerabilities-catalog.md	alert	https://www.cisa.gov/news-events/alerts/2025/12/16/cisa-adds-one-known-exploited-vulnerabilities-catalog
alerts/2025/2025-12-16-cisa-releases-seven-industrial-control-systems-advisories.md	alert	https://www.cisa.gov/news-events/alerts/2025/12/16/cisa-releases-seven-industrial-control-systems-advisories
alerts/2025/2025-12-17-cisa-adds-three-known-exploited-vulnerabilities-catalog.md	alert	https://www.cisa.gov/news-events/alerts/2025/12/17/cisa-adds-three-known-exploited-vulnerabilities-catalog
alerts/2025/2025-12-18-cisa-releases-nine-industrial-control-systems-advisories.md	alert	https://www.cisa.gov/news-events/alerts/2025/12/18/cisa-releases-nine-industrial-control-systems-advisories
alerts/2025/2025-12-19-cisa-adds-one-known-exploited-vulnerabilities-catalog.md	alert	https://www.cisa.gov/news-events/alerts/2025/12/19/cisa-adds-one-known-exploited-vulnerabilities-catalog
alerts/2025/2025-12-19-cisa-and-partners-release-update-malware-analysis-report-brickstorm-backdoor.md	alert	https://www.cisa.gov/news-events/alerts/2025/12/19/cisa-and-partners-release-update-malware-analysis-report-brickstorm-backdoor
alerts/2025/2025-12-22-cisa-adds-one-known-exploited-vulnerabilities-catalog.md	alert	https://www.cisa.gov/news-events/alerts/2025/12/22/cisa-adds-one-known-exploited-vulnerabilities-catalog
alerts/2025/2025-12-22-nist-and-cisa-release-draft-interagency-report-protecting-tokens-and-assertions-tampering-theft-and.md	alert	https://www.cisa.gov/news-events/alerts/2025/12/22/nist-and-cisa-release-draft-interagency-report-protecting-tokens-and-assertions-tampering-theft-and
alerts/2025/2025-12-23-cisa-releases-one-industrial-control-systems-advisory.md	alert	https://www.cisa.gov/news-events/alerts/2025/12/23/cisa-releases-one-industrial-control-systems-advisory
alerts/2025/2025-12-29-cisa-adds-one-known-exploited-vulnerabilities-catalog.md	alert	https://www.cisa.gov/news-events/alerts/2025/12/29/cisa-adds-one-known-exploited-vulnerabilities-catalog
alerts/2025/2025-12-30-cisa-releases-two-industrial-control-systems-advisories.md	alert	https://www.cisa.gov/news-events/alerts/2025/12/30/cisa-releases-two-industrial-control-systems-advisories
alerts/2025/aa25-343a.md	aa	https://www.cisa.gov/news-events/cybersecurity-advisories/aa25-343a
alerts/2025/ar25-338a.md	aa	https://www.cisa.gov/news-events/analysis-reports/ar25-338a
alerts/2026/2026-01-07-cisa-adds-two-known-exploited-vulnerabilities-catalog.md	alert	https://www.cisa.gov/news-events/alerts/2026/01/07/cisa-adds-two-known-exploited-vulnerabilities-catalog
alerts/2026/2026-01-12-cisa-adds-one-known-exploited-vulnerabilities-catalog.md	alert	https://www.cisa.gov/news-events/alerts/2026/01/12/cisa-adds-one-known-exploited-vulnerabilities-catalog
alerts/2026/2026-01-13-cisa-adds-one-known-exploited-vulnerabilities-catalog.md	alert	https://www.cisa.gov/news-events/alerts/2026/01/13/cisa-adds-one-known-exploited-vulnerabilities-catalog
alerts/2026/2026-01-21-cisa-adds-one-known-exploited-vulnerabilities-catalog.md	alert	https://www.cisa.gov/news-events/alerts/2026/01/21/cisa-adds-one-known-exploited-vulnerabilities-catalog
alerts/2026/2026-01-22-cisa-adds-four-known-exploited-vulnerabilities-catalog.md	alert	https://www.cisa.gov/news-events/alerts/2026/01/22/cisa-adds-four-known-exploited-vulnerabilities-catalog
alerts/2026/2026-01-23-cisa-adds-one-known-exploited-vulnerabilities-catalog.md	alert	https://www.cisa.gov/news-events/alerts/2026/01/23/cisa-adds-one-known-exploited-vulnerabilities-catalog
alerts/2026/2026-01-26-cisa-adds-five-known-exploited-vulnerabilities-catalog.md	alert	https://www.cisa.gov/news-events/alerts/2026/01/26/cisa-adds-five-known-exploited-vulnerabilities-catalog
alerts/2026/2026-01-27-cisa-adds-one-known-exploited-vulnerabilities-catalog.md	alert	https://www.cisa.gov/news-events/alerts/2026/01/27/cisa-adds-one-known-exploited-vulnerabilities-catalog
alerts/2026/2026-01-28-fortinet-releases-guidance-address-ongoing-exploitation-authentication-bypass-vulnerability-cve-2026.md	alert	https://www.cisa.gov/news-events/alerts/2026/01/28/fortinet-releases-guidance-address-ongoing-exploitation-authentication-bypass-vulnerability-cve-2026
alerts/2026/2026-01-29-cisa-adds-one-known-exploited-vulnerabilities-catalog.md	alert	https://www.cisa.gov/news-events/alerts/2026/01/29/cisa-adds-one-known-exploited-vulnerabilities-catalog
alerts/2026/2026-02-03-cisa-adds-four-known-exploited-vulnerabilities-catalog.md	alert	https://www.cisa.gov/news-events/alerts/2026/02/03/cisa-adds-four-known-exploited-vulnerabilities-catalog
alerts/2026/2026-02-05-cisa-adds-two-known-exploited-vulnerabilities-catalog.md	alert	https://www.cisa.gov/news-events/alerts/2026/02/05/cisa-adds-two-known-exploited-vulnerabilities-catalog
alerts/2026/2026-02-10-cisa-adds-six-known-exploited-vulnerabilities-catalog.md	alert	https://www.cisa.gov/news-events/alerts/2026/02/10/cisa-adds-six-known-exploited-vulnerabilities-catalog
alerts/2026/2026-02-10-poland-energy-sector-cyber-incident-highlights-ot-and-ics-security-gaps.md	alert	https://www.cisa.gov/news-events/alerts/2026/02/10/poland-energy-sector-cyber-incident-highlights-ot-and-ics-security-gaps
alerts/2026/2026-02-12-cisa-adds-four-known-exploited-vulnerabilities-catalog.md	alert	https://www.cisa.gov/news-events/alerts/2026/02/12/cisa-adds-four-known-exploited-vulnerabilities-catalog
alerts/2026/2026-02-13-cisa-adds-one-known-exploited-vulnerabilities-catalog.md	alert	https://www.cisa.gov/news-events/alerts/2026/02/13/cisa-adds-one-known-exploited-vulnerabilities-catalog
alerts/2026/2026-02-17-cisa-adds-four-known-exploited-vulnerabilities-catalog.md	alert	https://www.cisa.gov/news-events/alerts/2026/02/17/cisa-adds-four-known-exploited-vulnerabilities-catalog
alerts/2026/2026-02-18-cisa-adds-two-known-exploited-vulnerabilities-catalog.md	alert	https://www.cisa.gov/news-events/alerts/2026/02/18/cisa-adds-two-known-exploited-vulnerabilities-catalog
alerts/2026/2026-02-20-cisa-adds-two-known-exploited-vulnerabilities-catalog.md	alert	https://www.cisa.gov/news-events/alerts/2026/02/20/cisa-adds-two-known-exploited-vulnerabilities-catalog
alerts/2026/2026-02-24-cisa-adds-one-known-exploited-vulnerabilities-catalog.md	alert	https://www.cisa.gov/news-events/alerts/2026/02/24/cisa-adds-one-known-exploited-vulnerabilities-catalog
alerts/2026/2026-02-25-cisa-adds-two-known-exploited-vulnerabilities-catalog.md	alert	https://www.cisa.gov/news-events/alerts/2026/02/25/cisa-adds-two-known-exploited-vulnerabilities-catalog
alerts/2026/2026-02-25-cisa-and-partners-release-guidance-ongoing-global-exploitation-cisco-sd-wan-systems.md	alert	https://www.cisa.gov/news-events/alerts/2026/02/25/cisa-and-partners-release-guidance-ongoing-global-exploitation-cisco-sd-wan-systems
alerts/2026/2026-03-03-cisa-adds-two-known-exploited-vulnerabilities-catalog.md	alert	https://www.cisa.gov/news-events/alerts/2026/03/03/cisa-adds-two-known-exploited-vulnerabilities-catalog
alerts/2026/2026-03-05-cisa-adds-five-known-exploited-vulnerabilities-catalog.md	alert	https://www.cisa.gov/news-events/alerts/2026/03/05/cisa-adds-five-known-exploited-vulnerabilities-catalog
alerts/2026/2026-03-09-cisa-adds-three-known-exploited-vulnerabilities-catalog.md	alert	https://www.cisa.gov/news-events/alerts/2026/03/09/cisa-adds-three-known-exploited-vulnerabilities-catalog
alerts/2026/2026-03-11-cisa-adds-one-known-exploited-vulnerabilities-catalog.md	alert	https://www.cisa.gov/news-events/alerts/2026/03/11/cisa-adds-one-known-exploited-vulnerabilities-catalog
alerts/2026/2026-03-13-cisa-adds-two-known-exploited-vulnerabilities-catalog.md	alert	https://www.cisa.gov/news-events/alerts/2026/03/13/cisa-adds-two-known-exploited-vulnerabilities-catalog
alerts/2026/2026-03-16-cisa-adds-one-known-exploited-vulnerabilities-catalog.md	alert	https://www.cisa.gov/news-events/alerts/2026/03/16/cisa-adds-one-known-exploited-vulnerabilities-catalog
alerts/2026/2026-03-18-cisa-adds-one-known-exploited-vulnerabilities-catalog-0.md	alert	https://www.cisa.gov/news-events/alerts/2026/03/18/cisa-adds-one-known-exploited-vulnerabilities-catalog-0
alerts/2026/2026-03-18-cisa-adds-one-known-exploited-vulnerabilities-catalog.md	alert	https://www.cisa.gov/news-events/alerts/2026/03/18/cisa-adds-one-known-exploited-vulnerabilities-catalog
alerts/2026/2026-03-18-cisa-urges-endpoint-management-system-hardening-after-cyberattack-against-us-organization.md	alert	https://www.cisa.gov/news-events/alerts/2026/03/18/cisa-urges-endpoint-management-system-hardening-after-cyberattack-against-us-organization
alerts/2026/2026-03-19-cisa-adds-one-known-exploited-vulnerabilities-catalog.md	alert	https://www.cisa.gov/news-events/alerts/2026/03/19/cisa-adds-one-known-exploited-vulnerabilities-catalog
alerts/2026/2026-03-20-cisa-adds-five-known-exploited-vulnerabilities-catalog.md	alert	https://www.cisa.gov/news-events/alerts/2026/03/20/cisa-adds-five-known-exploited-vulnerabilities-catalog
alerts/2026/2026-03-25-cisa-adds-one-known-exploited-vulnerabilities-catalog.md	alert	https://www.cisa.gov/news-events/alerts/2026/03/25/cisa-adds-one-known-exploited-vulnerabilities-catalog
alerts/2026/2026-03-26-cisa-adds-one-known-exploited-vulnerabilities-catalog.md	alert	https://www.cisa.gov/news-events/alerts/2026/03/26/cisa-adds-one-known-exploited-vulnerabilities-catalog
alerts/2026/2026-03-27-cisa-adds-one-known-exploited-vulnerabilities-catalog.md	alert	https://www.cisa.gov/news-events/alerts/2026/03/27/cisa-adds-one-known-exploited-vulnerabilities-catalog
alerts/2026/2026-03-30-cisa-adds-one-known-exploited-vulnerabilities-catalog.md	alert	https://www.cisa.gov/news-events/alerts/2026/03/30/cisa-adds-one-known-exploited-vulnerabilities-catalog
alerts/2026/2026-04-01-cisa-adds-one-known-exploited-vulnerabilities-catalog.md	alert	https://www.cisa.gov/news-events/alerts/2026/04/01/cisa-adds-one-known-exploited-vulnerabilities-catalog
alerts/2026/2026-04-02-cisa-adds-one-known-exploited-vulnerabilities-catalog.md	alert	https://www.cisa.gov/news-events/alerts/2026/04/02/cisa-adds-one-known-exploited-vulnerabilities-catalog
alerts/2026/2026-04-06-cisa-adds-one-known-exploited-vulnerabilities-catalog.md	alert	https://www.cisa.gov/news-events/alerts/2026/04/06/cisa-adds-one-known-exploited-vulnerabilities-catalog
alerts/2026/2026-04-08-cisa-adds-one-known-exploited-vulnerabilities-catalog.md	alert	https://www.cisa.gov/news-events/alerts/2026/04/08/cisa-adds-one-known-exploited-vulnerabilities-catalog
alerts/2026/2026-04-13-cisa-adds-seven-known-exploited-vulnerabilities-catalog.md	alert	https://www.cisa.gov/news-events/alerts/2026/04/13/cisa-adds-seven-known-exploited-vulnerabilities-catalog
alerts/2026/2026-04-14-cisa-adds-two-known-exploited-vulnerabilities-catalog.md	alert	https://www.cisa.gov/news-events/alerts/2026/04/14/cisa-adds-two-known-exploited-vulnerabilities-catalog
alerts/2026/2026-04-16-cisa-adds-one-known-exploited-vulnerability-catalog.md	alert	https://www.cisa.gov/news-events/alerts/2026/04/16/cisa-adds-one-known-exploited-vulnerability-catalog
alerts/2026/2026-04-20-cisa-adds-eight-known-exploited-vulnerabilities-catalog.md	alert	https://www.cisa.gov/news-events/alerts/2026/04/20/cisa-adds-eight-known-exploited-vulnerabilities-catalog
alerts/2026/2026-04-20-supply-chain-compromise-impacts-axios-node-package-manager.md	alert	https://www.cisa.gov/news-events/alerts/2026/04/20/supply-chain-compromise-impacts-axios-node-package-manager
alerts/2026/2026-04-22-cisa-adds-one-known-exploited-vulnerabilities-catalog.md	alert	https://www.cisa.gov/news-events/alerts/2026/04/22/cisa-adds-one-known-exploited-vulnerabilities-catalog
alerts/2026/2026-04-23-cisa-adds-one-known-exploited-vulnerabilities-catalog.md	alert	https://www.cisa.gov/news-events/alerts/2026/04/23/cisa-adds-one-known-exploited-vulnerabilities-catalog
alerts/2026/2026-04-24-cisa-adds-four-known-exploited-vulnerabilities-catalog.md	alert	https://www.cisa.gov/news-events/alerts/2026/04/24/cisa-adds-four-known-exploited-vulnerabilities-catalog
alerts/2026/2026-04-28-cisa-adds-two-known-exploited-vulnerabilities-catalog.md	alert	https://www.cisa.gov/news-events/alerts/2026/04/28/cisa-adds-two-known-exploited-vulnerabilities-catalog
alerts/2026/2026-04-30-cisa-adds-one-known-exploited-vulnerabilities-catalog.md	alert	https://www.cisa.gov/news-events/alerts/2026/04/30/cisa-adds-one-known-exploited-vulnerabilities-catalog
alerts/2026/2026-05-01-cisa-adds-one-known-exploited-vulnerabilities-catalog.md	alert	https://www.cisa.gov/news-events/alerts/2026/05/01/cisa-adds-one-known-exploited-vulnerabilities-catalog
alerts/2026/2026-05-06-cisa-adds-one-known-exploited-vulnerabilities-catalog.md	alert	https://www.cisa.gov/news-events/alerts/2026/05/06/cisa-adds-one-known-exploited-vulnerabilities-catalog
alerts/2026/2026-05-07-cisa-adds-one-known-exploited-vulnerabilities-catalog.md	alert	https://www.cisa.gov/news-events/alerts/2026/05/07/cisa-adds-one-known-exploited-vulnerabilities-catalog
alerts/2026/2026-05-08-cisa-adds-one-known-exploited-vulnerabilities-catalog.md	alert	https://www.cisa.gov/news-events/alerts/2026/05/08/cisa-adds-one-known-exploited-vulnerabilities-catalog
alerts/2026/2026-05-14-cisa-adds-one-known-exploited-vulnerabilities-catalog.md	alert	https://www.cisa.gov/news-events/alerts/2026/05/14/cisa-adds-one-known-exploited-vulnerabilities-catalog
alerts/2026/2026-05-15-cisa-adds-one-known-exploited-vulnerabilities-catalog.md	alert	https://www.cisa.gov/news-events/alerts/2026/05/15/cisa-adds-one-known-exploited-vulnerabilities-catalog
alerts/2026/2026-05-20-cisa-adds-seven-known-exploited-vulnerabilities-catalog.md	alert	https://www.cisa.gov/news-events/alerts/2026/05/20/cisa-adds-seven-known-exploited-vulnerabilities-catalog
alerts/2026/2026-05-21-cisa-adds-two-known-exploited-vulnerabilities-catalog.md	alert	https://www.cisa.gov/news-events/alerts/2026/05/21/cisa-adds-two-known-exploited-vulnerabilities-catalog
alerts/2026/2026-05-22-cisa-adds-one-known-exploited-vulnerabilities-catalog.md	alert	https://www.cisa.gov/news-events/alerts/2026/05/22/cisa-adds-one-known-exploited-vulnerabilities-catalog
alerts/2026/2026-05-26-cisa-adds-one-known-exploited-vulnerabilities-catalog.md	alert	https://www.cisa.gov/news-events/alerts/2026/05/26/cisa-adds-one-known-exploited-vulnerabilities-catalog
alerts/2026/2026-05-27-cisa-adds-three-known-exploited-vulnerabilities-catalog.md	alert	https://www.cisa.gov/news-events/alerts/2026/05/27/cisa-adds-three-known-exploited-vulnerabilities-catalog
alerts/2026/2026-05-28-supply-chain-compromises-impact-nx-console-and-github-repositories.md	alert	https://www.cisa.gov/news-events/alerts/2026/05/28/supply-chain-compromises-impact-nx-console-and-github-repositories
alerts/2026/2026-05-29-cisa-adds-one-known-exploited-vulnerabilities-catalog.md	alert	https://www.cisa.gov/news-events/alerts/2026/05/29/cisa-adds-one-known-exploited-vulnerabilities-catalog
alerts/2026/2026-06-01-cisa-adds-one-known-exploited-vulnerabilities-catalog.md	alert	https://www.cisa.gov/news-events/alerts/2026/06/01/cisa-adds-one-known-exploited-vulnerabilities-catalog
alerts/2026/2026-06-02-cisa-adds-two-known-exploited-vulnerabilities-catalog.md	alert	https://www.cisa.gov/news-events/alerts/2026/06/02/cisa-adds-two-known-exploited-vulnerabilities-catalog
alerts/2026/2026-06-03-cisa-adds-one-known-exploited-vulnerabilities-catalog.md	alert	https://www.cisa.gov/news-events/alerts/2026/06/03/cisa-adds-one-known-exploited-vulnerabilities-catalog
alerts/2026/2026-06-05-cisa-adds-one-known-exploited-vulnerabilities-catalog.md	alert	https://www.cisa.gov/news-events/alerts/2026/06/05/cisa-adds-one-known-exploited-vulnerabilities-catalog
alerts/2026/2026-06-08-cisa-adds-two-known-exploited-vulnerabilities-catalog.md	alert	https://www.cisa.gov/news-events/alerts/2026/06/08/cisa-adds-two-known-exploited-vulnerabilities-catalog
alerts/2026/2026-06-09-cisa-adds-three-known-exploited-vulnerabilities-catalog.md	alert	https://www.cisa.gov/news-events/alerts/2026/06/09/cisa-adds-three-known-exploited-vulnerabilities-catalog
alerts/2026/2026-06-11-cisa-adds-one-known-exploited-vulnerabilities-catalog.md	alert	https://www.cisa.gov/news-events/alerts/2026/06/11/cisa-adds-one-known-exploited-vulnerabilities-catalog
alerts/2026/2026-06-12-cisa-adds-one-known-exploited-vulnerabilities-catalog.md	alert	https://www.cisa.gov/news-events/alerts/2026/06/12/cisa-adds-one-known-exploited-vulnerabilities-catalog
alerts/2026/2026-06-15-cisa-adds-two-known-exploited-vulnerabilities-catalog.md	alert	https://www.cisa.gov/news-events/alerts/2026/06/15/cisa-adds-two-known-exploited-vulnerabilities-catalog
alerts/2026/2026-06-16-cisa-adds-one-known-exploited-vulnerabilities-catalog.md	alert	https://www.cisa.gov/news-events/alerts/2026/06/16/cisa-adds-one-known-exploited-vulnerabilities-catalog
alerts/2026/2026-06-18-cisa-adds-one-known-exploited-vulnerabilities-catalog.md	alert	https://www.cisa.gov/news-events/alerts/2026/06/18/cisa-adds-one-known-exploited-vulnerabilities-catalog
alerts/2026/2026-06-18-cisa-urges-hardening-fortinet-devices-after-reports-credential-exposure.md	alert	https://www.cisa.gov/news-events/alerts/2026/06/18/cisa-urges-hardening-fortinet-devices-after-reports-credential-exposure
alerts/2026/2026-06-23-cisa-adds-four-known-exploited-vulnerabilities-catalog.md	alert	https://www.cisa.gov/news-events/alerts/2026/06/23/cisa-adds-four-known-exploited-vulnerabilities-catalog
alerts/2026/2026-06-25-cisa-adds-two-known-exploited-vulnerabilities-catalog.md	alert	https://www.cisa.gov/news-events/alerts/2026/06/25/cisa-adds-two-known-exploited-vulnerabilities-catalog
alerts/2026/2026-06-29-cisa-adds-one-known-exploited-vulnerabilities-catalog.md	alert	https://www.cisa.gov/news-events/alerts/2026/06/29/cisa-adds-one-known-exploited-vulnerabilities-catalog
alerts/2026/2026-07-01-cisa-adds-one-known-exploited-vulnerabilities-catalog.md	alert	https://www.cisa.gov/news-events/alerts/2026/07/01/cisa-adds-one-known-exploited-vulnerabilities-catalog
alerts/2026/2026-07-07-cisa-adds-one-known-exploited-vulnerabilities-catalog.md	alert	https://www.cisa.gov/news-events/alerts/2026/07/07/cisa-adds-one-known-exploited-vulnerabilities-catalog
alerts/2026/2026-07-07-cisa-adds-three-known-exploited-vulnerabilities-catalog.md	alert	https://www.cisa.gov/news-events/alerts/2026/07/07/cisa-adds-three-known-exploited-vulnerabilities-catalog
alerts/2026/2026-07-10-cisa-adds-two-known-exploited-vulnerabilities-catalog.md	alert	https://www.cisa.gov/news-events/alerts/2026/07/10/cisa-adds-two-known-exploited-vulnerabilities-catalog
alerts/2026/2026-07-13-cisa-adds-one-known-exploited-vulnerabilities-catalog.md	alert	https://www.cisa.gov/news-events/alerts/2026/07/13/cisa-adds-one-known-exploited-vulnerabilities-catalog
alerts/2026/2026-07-14-cisa-adds-four-known-exploited-vulnerabilities-catalog.md	alert	https://www.cisa.gov/news-events/alerts/2026/07/14/cisa-adds-four-known-exploited-vulnerabilities-catalog
alerts/2026/2026-07-14-cisa-urges-sharepoint-hardening-after-new-exploitations.md	alert	https://www.cisa.gov/news-events/alerts/2026/07/14/cisa-urges-sharepoint-hardening-after-new-exploitations
alerts/2026/2026-07-15-cisa-adds-two-known-exploited-vulnerabilities-catalog.md	alert	https://www.cisa.gov/news-events/alerts/2026/07/15/cisa-adds-two-known-exploited-vulnerabilities-catalog
alerts/2026/2026-07-16-cisa-adds-three-known-exploited-vulnerabilities-catalog.md	alert	https://www.cisa.gov/news-events/alerts/2026/07/16/cisa-adds-three-known-exploited-vulnerabilities-catalog
alerts/2026/2026-07-21-cisa-adds-four-known-exploited-vulnerabilities-catalog.md	alert	https://www.cisa.gov/news-events/alerts/2026/07/21/cisa-adds-four-known-exploited-vulnerabilities-catalog
alerts/2026/2026-07-22-cisa-adds-two-known-exploited-vulnerabilities-catalog.md	alert	https://www.cisa.gov/news-events/alerts/2026/07/22/cisa-adds-two-known-exploited-vulnerabilities-catalog
alerts/2026/2026-07-27-cisa-adds-two-known-exploited-vulnerabilities-catalog.md	alert	https://www.cisa.gov/news-events/alerts/2026/07/27/cisa-adds-two-known-exploited-vulnerabilities-catalog
alerts/2026/2026-07-29-cisa-adds-one-known-exploited-vulnerabilities-catalog.md	alert	https://www.cisa.gov/news-events/alerts/2026/07/29/cisa-adds-one-known-exploited-vulnerabilities-catalog
alerts/2026/2026-07-30-cisa-urges-water-and-wastewater-systems-sector-protect-ot-against-activity-targeting-plcs.md	alert	https://www.cisa.gov/news-events/alerts/2026/07/30/cisa-urges-water-and-wastewater-systems-sector-protect-ot-against-activity-targeting-plcs
alerts/2026/2026-08-03-cisa-adds-one-known-exploited-vulnerabilities-catalog.md	alert	https://www.cisa.gov/news-events/alerts/2026/08/03/cisa-adds-one-known-exploited-vulnerabilities-catalog
alerts/2026/2026-08-04-cisa-adds-three-known-exploited-vulnerabilities-catalog.md	alert	https://www.cisa.gov/news-events/alerts/2026/08/04/cisa-adds-three-known-exploited-vulnerabilities-catalog
alerts/2026/2026-08-05-cisa-adds-one-known-exploited-vulnerabilities-catalog.md	alert	https://www.cisa.gov/news-events/alerts/2026/08/05/cisa-adds-one-known-exploited-vulnerabilities-catalog
alerts/2026/2026-08-07-cisa-adds-one-known-exploited-vulnerabilities-catalog.md	alert	https://www.cisa.gov/news-events/alerts/2026/08/07/cisa-adds-one-known-exploited-vulnerabilities-catalog
alerts/2026/2026-08-11-cisa-adds-three-known-exploited-vulnerabilities-catalog.md	alert	https://www.cisa.gov/news-events/alerts/2026/08/11/cisa-adds-three-known-exploited-vulnerabilities-catalog
alerts/2026/2026-08-17-cisa-adds-one-known-exploited-vulnerabilities-catalog.md	alert	https://www.cisa.gov/news-events/alerts/2026/08/17/cisa-adds-one-known-exploited-vulnerabilities-catalog
alerts/2026/2026-08-18-cisa-adds-four-known-exploited-vulnerabilities-catalog.md	alert	https://www.cisa.gov/news-events/alerts/2026/08/18/cisa-adds-four-known-exploited-vulnerabilities-catalog
alerts/2026/2026-08-19-cisa-adds-one-known-exploited-vulnerabilities-catalog.md	alert	https://www.cisa.gov/news-events/alerts/2026/08/19/cisa-adds-one-known-exploited-vulnerabilities-catalog
alerts/2026/2026-08-20-cisa-adds-two-known-exploited-vulnerabilities-catalog.md	alert	https://www.cisa.gov/news-events/alerts/2026/08/20/cisa-adds-two-known-exploited-vulnerabilities-catalog
alerts/2026/2026-08-21-cisa-adds-one-known-exploited-vulnerabilities-catalog.md	alert	https://www.cisa.gov/news-events/alerts/2026/08/21/cisa-adds-one-known-exploited-vulnerabilities-catalog
alerts/2026/2026-08-24-cisa-adds-one-known-exploited-vulnerabilities-catalog.md	alert	https://www.cisa.gov/news-events/alerts/2026/08/24/cisa-adds-one-known-exploited-vulnerabilities-catalog
alerts/2026/2026-08-25-cisa-adds-one-known-exploited-vulnerabilities-catalog.md	alert	https://www.cisa.gov/news-events/alerts/2026/08/25/cisa-adds-one-known-exploited-vulnerabilities-catalog
alerts/2026/2026-08-26-cisa-adds-six-known-exploited-vulnerabilities-catalog.md	alert	https://www.cisa.gov/news-events/alerts/2026/08/26/cisa-adds-six-known-exploited-vulnerabilities-catalog
alerts/2026/2026-08-27-cisa-adds-three-known-exploited-vulnerabilities-catalog.md	alert	https://www.cisa.gov/news-events/alerts/2026/08/27/cisa-adds-three-known-exploited-vulnerabilities-catalog
alerts/2026/2026-08-31-cisa-adds-two-known-exploited-vulnerabilities-catalog.md	alert	https://www.cisa.gov/news-events/alerts/2026/08/31/cisa-adds-two-known-exploited-vulnerabilities-catalog
alerts/2026/2026-09-02-cisa-adds-seven-known-exploited-vulnerabilities-catalog.md	alert	https://www.cisa.gov/news-events/alerts/2026/09/02/cisa-adds-seven-known-exploited-vulnerabilities-catalog
alerts/2026/2026-09-04-cisa-adds-one-known-exploited-vulnerabilities-catalog.md	alert	https://www.cisa.gov/news-events/alerts/2026/09/04/cisa-adds-one-known-exploited-vulnerabilities-catalog
alerts/2026/2026-09-08-cisa-adds-four-known-exploited-vulnerabilities-catalog.md	alert	https://www.cisa.gov/news-events/alerts/2026/09/08/cisa-adds-four-known-exploited-vulnerabilities-catalog
alerts/2026/2026-09-09-cisa-adds-four-known-exploited-vulnerabilities-catalog.md	alert	https://www.cisa.gov/news-events/alerts/2026/09/09/cisa-adds-four-known-exploited-vulnerabilities-catalog
alerts/2026/2026-09-10-cisa-adds-two-known-exploited-vulnerabilities-catalog.md	alert	https://www.cisa.gov/news-events/alerts/2026/09/10/cisa-adds-two-known-exploited-vulnerabilities-catalog
alerts/2026/2026-09-11-cisa-adds-one-known-exploited-vulnerabilities-catalog.md	alert	https://www.cisa.gov/news-events/alerts/2026/09/11/cisa-adds-one-known-exploited-vulnerabilities-catalog
alerts/2026/2026-09-11-cisa-adds-three-known-exploited-vulnerabilities-catalog.md	alert	https://www.cisa.gov/news-events/alerts/2026/09/11/cisa-adds-three-known-exploited-vulnerabilities-catalog
alerts/2026/2026-09-14-cisa-adds-one-known-exploited-vulnerabilities-catalog.md	alert	https://www.cisa.gov/news-events/alerts/2026/09/14/cisa-adds-one-known-exploited-vulnerabilities-catalog
alerts/2026/2026-09-16-cisa-adds-one-known-exploited-vulnerabilities-catalog.md	alert	https://www.cisa.gov/news-events/alerts/2026/09/16/cisa-adds-one-known-exploited-vulnerabilities-catalog
alerts/2026/2026-09-16-cisa-adds-two-known-exploited-vulnerabilities-catalog.md	alert	https://www.cisa.gov/news-events/alerts/2026/09/16/cisa-adds-two-known-exploited-vulnerabilities-catalog
alerts/2026/2026-09-18-cisa-adds-one-known-exploited-vulnerabilities-catalog.md	alert	https://www.cisa.gov/news-events/alerts/2026/09/18/cisa-adds-one-known-exploited-vulnerabilities-catalog
alerts/2026/2026-09-18-cisa-adds-two-known-exploited-vulnerabilities-catalog.md	alert	https://www.cisa.gov/news-events/alerts/2026/09/18/cisa-adds-two-known-exploited-vulnerabilities-catalog
alerts/2026/2026-09-21-cisa-adds-one-known-exploited-vulnerabilities-catalog.md	alert	https://www.cisa.gov/news-events/alerts/2026/09/21/cisa-adds-one-known-exploited-vulnerabilities-catalog
alerts/2026/2026-09-22-cisa-adds-four-known-exploited-vulnerabilities-catalog.md	alert	https://www.cisa.gov/news-events/alerts/2026/09/22/cisa-adds-four-known-exploited-vulnerabilities-catalog
alerts/2026/2026-09-24-cisa-adds-two-known-exploited-vulnerabilities-catalog.md	alert	https://www.cisa.gov/news-events/alerts/2026/09/24/cisa-adds-two-known-exploited-vulnerabilities-catalog
alerts/2026/2026-09-25-cisa-adds-one-known-exploited-vulnerabilities-catalog.md	alert	https://www.cisa.gov/news-events/alerts/2026/09/25/cisa-adds-one-known-exploited-vulnerabilities-catalog
alerts/2026/2026-09-25-cisa-adds-one-known-exploited-vulnerability-catalog.md	alert	https://www.cisa.gov/news-events/alerts/2026/09/25/cisa-adds-one-known-exploited-vulnerability-catalog
alerts/2026/2026-09-25-cisa-adds-two-known-exploited-vulnerabilities-catalog.md	alert	https://www.cisa.gov/news-events/alerts/2026/09/25/cisa-adds-two-known-exploited-vulnerabilities-catalog
alerts/2026/2026-09-27-cisa-adds-two-known-exploited-vulnerabilities-catalog.md	alert	https://www.cisa.gov/news-events/alerts/2026/09/27/cisa-adds-two-known-exploited-vulnerabilities-catalog
alerts/2026/2026-09-27-critical-zero-day-vulnerabilities-exploited-citrix-netscaler-adc-gateway.md	alert	https://www.cisa.gov/news-events/alerts/2026/09/27/critical-zero-day-vulnerabilities-exploited-citrix-netscaler-adc-gateway
alerts/2026/2026-09-29-cisa-adds-one-known-exploited-vulnerabilities-catalog.md	alert	https://www.cisa.gov/news-events/alerts/2026/09/29/cisa-adds-one-known-exploited-vulnerabilities-catalog
alerts/2026/2026-09-29-cisa-adds-one-known-exploited-vulnerability-catalog.md	alert	https://www.cisa.gov/news-events/alerts/2026/09/29/cisa-adds-one-known-exploited-vulnerability-catalog
alerts/2026/2026-09-30-cisa-adds-one-known-exploited-vulnerabilities-catalog.md	alert	https://www.cisa.gov/news-events/alerts/2026/09/30/cisa-adds-one-known-exploited-vulnerabilities-catalog
alerts/2026/2026-09-30-cisa-adds-one-known-exploited-vulnerability-catalog.md	alert	https://www.cisa.gov/news-events/alerts/2026/09/30/cisa-adds-one-known-exploited-vulnerability-catalog
alerts/2026/2026-10-01-cisa-adds-one-known-exploited-vulnerabilities-catalog.md	alert	https://www.cisa.gov/news-events/alerts/2026/10/01/cisa-adds-one-known-exploited-vulnerabilities-catalog
alerts/2026/2026-10-01-cisa-adds-one-known-exploited-vulnerability-catalog.md	alert	https://www.cisa.gov/news-events/alerts/2026/10/01/cisa-adds-one-known-exploited-vulnerability-catalog
alerts/2026/2026-10-02-cisa-adds-two-known-exploited-vulnerabilities-catalog.md	alert	https://www.cisa.gov/news-events/alerts/2026/10/02/cisa-adds-two-known-exploited-vulnerabilities-catalog
alerts/2026/aa26-097a.md	aa	https://www.cisa.gov/news-events/cybersecurity-advisories/aa26-097a
alerts/2026/aa26-113a.md	aa	https://www.cisa.gov/news-events/cybersecurity-advisories/aa26-113a
alerts/2026/aa26-194a.md	aa	https://www.cisa.gov/news-events/cybersecurity-advisories/aa26-194a
alerts/2026/aa26-204a.md	aa	https://www.cisa.gov/news-events/cybersecurity-advisories/aa26-204a
alerts/2026/aa26-222a.md	aa	https://www.cisa.gov/news-events/cybersecurity-advisories/aa26-222a
alerts/2026/aa26-231a.md	aa	https://www.cisa.gov/news-events/cybersecurity-advisories/aa26-231a
alerts/2026/aa26-237a.md	aa	https://www.cisa.gov/news-events/cybersecurity-advisories/aa26-237a
alerts/2026/aa26-251a.md	aa	https://www.cisa.gov/news-events/cybersecurity-advisories/aa26-251a
alerts/2026/ar26-113a.md	aa	https://www.cisa.gov/news-events/analysis-reports/ar26-113a
ics/2025/icsma-25-121-01.md	ics-med	https://www.cisa.gov/news-events/ics-medical-advisories/icsma-25-121-01
ics/2025/icsma-25-128-01.md	ics-med	https://www.cisa.gov/news-events/ics-medical-advisories/icsma-25-128-01
ics/2025/icsma-25-148-01.md	ics-med	https://www.cisa.gov/news-events/ics-medical-advisories/icsma-25-148-01
ics/2025/icsma-25-160-01.md	ics-med	https://www.cisa.gov/news-events/ics-medical-advisories/icsma-25-160-01
ics/2025/icsma-25-198-01.md	ics-med	https://www.cisa.gov/news-events/ics-medical-advisories/icsma-25-198-01
ics/2025/icsma-25-205-01.md	ics-med	https://www.cisa.gov/news-events/ics-medical-advisories/icsma-25-205-01
ics/2025/icsma-25-224-01.md	ics-med	https://www.cisa.gov/news-events/ics-medical-advisories/icsma-25-224-01
ics/2025/icsma-25-233-01.md	ics-med	https://www.cisa.gov/news-events/ics-medical-advisories/icsma-25-233-01
ics/2025/icsma-25-294-01.md	ics-med	https://www.cisa.gov/news-events/ics-medical-advisories/icsma-25-294-01
ics/2025/icsma-25-296-01.md	ics-med	https://www.cisa.gov/news-events/ics-medical-advisories/icsma-25-296-01
ics/2025/icsma-25-301-01.md	ics-med	https://www.cisa.gov/news-events/ics-medical-advisories/icsma-25-301-01
ics/2025/icsma-25-336-01.md	ics-med	https://www.cisa.gov/news-events/ics-medical-advisories/icsma-25-336-01
ics/2025/icsma-25-345-01.md	ics-med	https://www.cisa.gov/news-events/ics-medical-advisories/icsma-25-345-01
ics/2025/icsma-25-345-02.md	ics-med	https://www.cisa.gov/news-events/ics-medical-advisories/icsma-25-345-02
ics/2025/icsma-25-364-01.md	ics-med	https://www.cisa.gov/news-events/ics-medical-advisories/icsma-25-364-01
ics/2026/icsa-25-128-03.md	ics	https://www.cisa.gov/news-events/ics-advisories/icsa-25-128-03
ics/2026/icsa-26-078-05.md	ics	https://www.cisa.gov/news-events/ics-advisories/icsa-26-078-05
ics/2026/icsa-26-169-07.md	ics	https://www.cisa.gov/news-events/ics-advisories/icsa-26-169-07
ics/2026/icsa-26-174-05.md	ics	https://www.cisa.gov/news-events/ics-advisories/icsa-26-174-05
ics/2026/icsa-26-174-06.md	ics	https://www.cisa.gov/news-events/ics-advisories/icsa-26-174-06
ics/2026/icsa-26-174-07.md	ics	https://www.cisa.gov/news-events/ics-advisories/icsa-26-174-07
ics/2026/icsa-26-176-01.md	ics	https://www.cisa.gov/news-events/ics-advisories/icsa-26-176-01
ics/2026/icsa-26-176-02.md	ics	https://www.cisa.gov/news-events/ics-advisories/icsa-26-176-02
ics/2026/icsa-26-176-03.md	ics	https://www.cisa.gov/news-events/ics-advisories/icsa-26-176-03
ics/2026/icsa-26-176-04.md	ics	https://www.cisa.gov/news-events/ics-advisories/icsa-26-176-04
ics/2026/icsa-26-176-05.md	ics	https://www.cisa.gov/news-events/ics-advisories/icsa-26-176-05
ics/2026/icsa-26-176-06.md	ics	https://www.cisa.gov/news-events/ics-advisories/icsa-26-176-06
ics/2026/icsa-26-176-07.md	ics	https://www.cisa.gov/news-events/ics-advisories/icsa-26-176-07
ics/2026/icsa-26-181-01.md	ics	https://www.cisa.gov/news-events/ics-advisories/icsa-26-181-01
ics/2026/icsa-26-181-02.md	ics	https://www.cisa.gov/news-events/ics-advisories/icsa-26-181-02
ics/2026/icsa-26-181-03.md	ics	https://www.cisa.gov/news-events/ics-advisories/icsa-26-181-03
ics/2026/icsa-26-181-04.md	ics	https://www.cisa.gov/news-events/ics-advisories/icsa-26-181-04
ics/2026/icsa-26-181-05.md	ics	https://www.cisa.gov/news-events/ics-advisories/icsa-26-181-05
ics/2026/icsa-26-181-06.md	ics	https://www.cisa.gov/news-events/ics-advisories/icsa-26-181-06
ics/2026/icsa-26-181-07.md	ics	https://www.cisa.gov/news-events/ics-advisories/icsa-26-181-07
ics/2026/icsa-26-183-01.md	ics	https://www.cisa.gov/news-events/ics-advisories/icsa-26-183-01
ics/2026/icsa-26-183-02.md	ics	https://www.cisa.gov/news-events/ics-advisories/icsa-26-183-02
ics/2026/icsa-26-183-03.md	ics	https://www.cisa.gov/news-events/ics-advisories/icsa-26-183-03
ics/2026/icsa-26-188-01.md	ics	https://www.cisa.gov/news-events/ics-advisories/icsa-26-188-01
ics/2026/icsa-26-188-02.md	ics	https://www.cisa.gov/news-events/ics-advisories/icsa-26-188-02
ics/2026/icsa-26-188-03.md	ics	https://www.cisa.gov/news-events/ics-advisories/icsa-26-188-03
ics/2026/icsa-26-188-04.md	ics	https://www.cisa.gov/news-events/ics-advisories/icsa-26-188-04
ics/2026/icsa-26-188-05.md	ics	https://www.cisa.gov/news-events/ics-advisories/icsa-26-188-05
ics/2026/icsa-26-188-06.md	ics	https://www.cisa.gov/news-events/ics-advisories/icsa-26-188-06
ics/2026/icsa-26-188-07.md	ics	https://www.cisa.gov/news-events/ics-advisories/icsa-26-188-07
ics/2026/icsa-26-190-01.md	ics	https://www.cisa.gov/news-events/ics-advisories/icsa-26-190-01
ics/2026/icsa-26-190-02.md	ics	https://www.cisa.gov/news-events/ics-advisories/icsa-26-190-02
ics/2026/icsa-26-190-03.md	ics	https://www.cisa.gov/news-events/ics-advisories/icsa-26-190-03
ics/2026/icsa-26-195-01.md	ics	https://www.cisa.gov/news-events/ics-advisories/icsa-26-195-01
ics/2026/icsa-26-195-02.md	ics	https://www.cisa.gov/news-events/ics-advisories/icsa-26-195-02
ics/2026/icsa-26-195-03.md	ics	https://www.cisa.gov/news-events/ics-advisories/icsa-26-195-03
ics/2026/icsa-26-195-04.md	ics	https://www.cisa.gov/news-events/ics-advisories/icsa-26-195-04
ics/2026/icsa-26-197-01.md	ics	https://www.cisa.gov/news-events/ics-advisories/icsa-26-197-01
ics/2026/icsa-26-197-02.md	ics	https://www.cisa.gov/news-events/ics-advisories/icsa-26-197-02
ics/2026/icsa-26-197-03.md	ics	https://www.cisa.gov/news-events/ics-advisories/icsa-26-197-03
ics/2026/icsa-26-197-04.md	ics	https://www.cisa.gov/news-events/ics-advisories/icsa-26-197-04
ics/2026/icsa-26-197-05.md	ics	https://www.cisa.gov/news-events/ics-advisories/icsa-26-197-05
ics/2026/icsa-26-197-06.md	ics	https://www.cisa.gov/news-events/ics-advisories/icsa-26-197-06
ics/2026/icsa-26-197-07.md	ics	https://www.cisa.gov/news-events/ics-advisories/icsa-26-197-07
ics/2026/icsa-26-197-08.md	ics	https://www.cisa.gov/news-events/ics-advisories/icsa-26-197-08
ics/2026/icsa-26-197-09.md	ics	https://www.cisa.gov/news-events/ics-advisories/icsa-26-197-09
ics/2026/icsa-26-202-01.md	ics	https://www.cisa.gov/news-events/ics-advisories/icsa-26-202-01
ics/2026/icsa-26-202-02.md	ics	https://www.cisa.gov/news-events/ics-advisories/icsa-26-202-02
ics/2026/icsa-26-202-03.md	ics	https://www.cisa.gov/news-events/ics-advisories/icsa-26-202-03
ics/2026/icsa-26-202-04.md	ics	https://www.cisa.gov/news-events/ics-advisories/icsa-26-202-04
ics/2026/icsa-26-202-05.md	ics	https://www.cisa.gov/news-events/ics-advisories/icsa-26-202-05
ics/2026/icsa-26-202-06.md	ics	https://www.cisa.gov/news-events/ics-advisories/icsa-26-202-06
ics/2026/icsa-26-202-07.md	ics	https://www.cisa.gov/news-events/ics-advisories/icsa-26-202-07
ics/2026/icsa-26-202-08.md	ics	https://www.cisa.gov/news-events/ics-advisories/icsa-26-202-08
ics/2026/icsa-26-202-09.md	ics	https://www.cisa.gov/news-events/ics-advisories/icsa-26-202-09
ics/2026/icsa-26-202-10.md	ics	https://www.cisa.gov/news-events/ics-advisories/icsa-26-202-10
ics/2026/icsa-26-204-01.md	ics	https://www.cisa.gov/news-events/ics-advisories/icsa-26-204-01
ics/2026/icsa-26-204-02.md	ics	https://www.cisa.gov/news-events/ics-advisories/icsa-26-204-02
ics/2026/icsa-26-204-03.md	ics	https://www.cisa.gov/news-events/ics-advisories/icsa-26-204-03
ics/2026/icsa-26-204-04.md	ics	https://www.cisa.gov/news-events/ics-advisories/icsa-26-204-04
ics/2026/icsa-26-204-05.md	ics	https://www.cisa.gov/news-events/ics-advisories/icsa-26-204-05
ics/2026/icsa-26-204-06.md	ics	https://www.cisa.gov/news-events/ics-advisories/icsa-26-204-06
ics/2026/icsa-26-204-07.md	ics	https://www.cisa.gov/news-events/ics-advisories/icsa-26-204-07
ics/2026/icsa-26-209-01.md	ics	https://www.cisa.gov/news-events/ics-advisories/icsa-26-209-01
ics/2026/icsa-26-209-02.md	ics	https://www.cisa.gov/news-events/ics-advisories/icsa-26-209-02
ics/2026/icsa-26-209-03.md	ics	https://www.cisa.gov/news-events/ics-advisories/icsa-26-209-03
ics/2026/icsa-26-209-04.md	ics	https://www.cisa.gov/news-events/ics-advisories/icsa-26-209-04
ics/2026/icsa-26-209-05.md	ics	https://www.cisa.gov/news-events/ics-advisories/icsa-26-209-05
ics/2026/icsa-26-209-06.md	ics	https://www.cisa.gov/news-events/ics-advisories/icsa-26-209-06
ics/2026/icsa-26-209-07.md	ics	https://www.cisa.gov/news-events/ics-advisories/icsa-26-209-07
ics/2026/icsa-26-211-01.md	ics	https://www.cisa.gov/news-events/ics-advisories/icsa-26-211-01
ics/2026/icsa-26-211-02.md	ics	https://www.cisa.gov/news-events/ics-advisories/icsa-26-211-02
ics/2026/icsa-26-211-03.md	ics	https://www.cisa.gov/news-events/ics-advisories/icsa-26-211-03
ics/2026/icsa-26-211-04.md	ics	https://www.cisa.gov/news-events/ics-advisories/icsa-26-211-04
ics/2026/icsa-26-211-05.md	ics	https://www.cisa.gov/news-events/ics-advisories/icsa-26-211-05
ics/2026/icsa-26-211-06.md	ics	https://www.cisa.gov/news-events/ics-advisories/icsa-26-211-06
ics/2026/icsa-26-211-07.md	ics	https://www.cisa.gov/news-events/ics-advisories/icsa-26-211-07
ics/2026/icsa-26-211-08.md	ics	https://www.cisa.gov/news-events/ics-advisories/icsa-26-211-08
ics/2026/icsa-26-211-09.md	ics	https://www.cisa.gov/news-events/ics-advisories/icsa-26-211-09
ics/2026/icsa-26-211-10.md	ics	https://www.cisa.gov/news-events/ics-advisories/icsa-26-211-10
ics/2026/icsa-26-211-11.md	ics	https://www.cisa.gov/news-events/ics-advisories/icsa-26-211-11
ics/2026/icsa-26-216-01.md	ics	https://www.cisa.gov/news-events/ics-advisories/icsa-26-216-01
ics/2026/icsa-26-218-01.md	ics	https://www.cisa.gov/news-events/ics-advisories/icsa-26-218-01
ics/2026/icsa-26-218-02.md	ics	https://www.cisa.gov/news-events/ics-advisories/icsa-26-218-02
ics/2026/icsa-26-219-01.md	ics	https://www.cisa.gov/news-events/ics-advisories/icsa-26-219-01
ics/2026/icsa-26-225-01.md	ics	https://www.cisa.gov/news-events/ics-advisories/icsa-26-225-01
ics/2026/icsa-26-225-02.md	ics	https://www.cisa.gov/news-events/ics-advisories/icsa-26-225-02
ics/2026/icsa-26-225-03.md	ics	https://www.cisa.gov/news-events/ics-advisories/icsa-26-225-03
ics/2026/icsa-26-225-04.md	ics	https://www.cisa.gov/news-events/ics-advisories/icsa-26-225-04
ics/2026/icsa-26-225-05.md	ics	https://www.cisa.gov/news-events/ics-advisories/icsa-26-225-05
ics/2026/icsa-26-225-06.md	ics	https://www.cisa.gov/news-events/ics-advisories/icsa-26-225-06
ics/2026/icsa-26-225-07.md	ics	https://www.cisa.gov/news-events/ics-advisories/icsa-26-225-07
ics/2026/icsa-26-225-08.md	ics	https://www.cisa.gov/news-events/ics-advisories/icsa-26-225-08
ics/2026/icsa-26-225-09.md	ics	https://www.cisa.gov/news-events/ics-advisories/icsa-26-225-09
ics/2026/icsa-26-225-10.md	ics	https://www.cisa.gov/news-events/ics-advisories/icsa-26-225-10
ics/2026/icsa-26-225-11.md	ics	https://www.cisa.gov/news-events/ics-advisories/icsa-26-225-11
ics/2026/icsa-26-225-12.md	ics	https://www.cisa.gov/news-events/ics-advisories/icsa-26-225-12
ics/2026/icsa-26-225-13.md	ics	https://www.cisa.gov/news-events/ics-advisories/icsa-26-225-13
ics/2026/icsa-26-225-14.md	ics	https://www.cisa.gov/news-events/ics-advisories/icsa-26-225-14
ics/2026/icsa-26-230-01.md	ics	https://www.cisa.gov/news-events/ics-advisories/icsa-26-230-01
ics/2026/icsa-26-230-02.md	ics	https://www.cisa.gov/news-events/ics-advisories/icsa-26-230-02
ics/2026/icsa-26-232-01.md	ics	https://www.cisa.gov/news-events/ics-advisories/icsa-26-232-01
ics/2026/icsa-26-237-01.md	ics	https://www.cisa.gov/news-events/ics-advisories/icsa-26-237-01
ics/2026/icsa-26-237-02.md	ics	https://www.cisa.gov/news-events/ics-advisories/icsa-26-237-02
ics/2026/icsa-26-237-03.md	ics	https://www.cisa.gov/news-events/ics-advisories/icsa-26-237-03
ics/2026/icsa-26-237-04.md	ics	https://www.cisa.gov/news-events/ics-advisories/icsa-26-237-04
ics/2026/icsa-26-237-05.md	ics	https://www.cisa.gov/news-events/ics-advisories/icsa-26-237-05
ics/2026/icsa-26-237-06.md	ics	https://www.cisa.gov/news-events/ics-advisories/icsa-26-237-06
ics/2026/icsa-26-237-07.md	ics	https://www.cisa.gov/news-events/ics-advisories/icsa-26-237-07
ics/2026/icsa-26-239-01.md	ics	https://www.cisa.gov/news-events/ics-advisories/icsa-26-239-01
ics/2026/icsa-26-239-02.md	ics	https://www.cisa.gov/news-events/ics-advisories/icsa-26-239-02
ics/2026/icsa-26-239-03.md	ics	https://www.cisa.gov/news-events/ics-advisories/icsa-26-239-03
ics/2026/icsa-26-239-04.md	ics	https://www.cisa.gov/news-events/ics-advisories/icsa-26-239-04
ics/2026/icsa-26-239-05.md	ics	https://www.cisa.gov/news-events/ics-advisories/icsa-26-239-05
ics/2026/icsa-26-244-01.md	ics	https://www.cisa.gov/news-events/ics-advisories/icsa-26-244-01
ics/2026/icsa-26-244-02.md	ics	https://www.cisa.gov/news-events/ics-advisories/icsa-26-244-02
ics/2026/icsa-26-244-03.md	ics	https://www.cisa.gov/news-events/ics-advisories/icsa-26-244-03
ics/2026/icsa-26-244-04.md	ics	https://www.cisa.gov/news-events/ics-advisories/icsa-26-244-04
ics/2026/icsa-26-244-05.md	ics	https://www.cisa.gov/news-events/ics-advisories/icsa-26-244-05
ics/2026/icsa-26-244-06.md	ics	https://www.cisa.gov/news-events/ics-advisories/icsa-26-244-06
ics/2026/icsa-26-246-01.md	ics	https://www.cisa.gov/news-events/ics-advisories/icsa-26-246-01
ics/2026/icsa-26-246-02.md	ics	https://www.cisa.gov/news-events/ics-advisories/icsa-26-246-02
ics/2026/icsa-26-246-03.md	ics	https://www.cisa.gov/news-events/ics-advisories/icsa-26-246-03
ics/2026/icsa-26-246-04.md	ics	https://www.cisa.gov/news-events/ics-advisories/icsa-26-246-04
ics/2026/icsa-26-246-05.md	ics	https://www.cisa.gov/news-events/ics-advisories/icsa-26-246-05
ics/2026/icsa-26-246-06.md	ics	https://www.cisa.gov/news-events/ics-advisories/icsa-26-246-06
ics/2026/icsa-26-246-07.md	ics	https://www.cisa.gov/news-events/ics-advisories/icsa-26-246-07
ics/2026/icsa-26-246-08.md	ics	https://www.cisa.gov/news-events/ics-advisories/icsa-26-246-08
ics/2026/icsa-26-251-01.md	ics	https://www.cisa.gov/news-events/ics-advisories/icsa-26-251-01
ics/2026/icsa-26-253-01.md	ics	https://www.cisa.gov/news-events/ics-advisories/icsa-26-253-01
ics/2026/icsa-26-254-01.md	ics	https://www.cisa.gov/news-events/ics-advisories/icsa-26-254-01
ics/2026/icsa-26-258-01.md	ics	https://www.cisa.gov/news-events/ics-advisories/icsa-26-258-01
ics/2026/icsa-26-258-02.md	ics	https://www.cisa.gov/news-events/ics-advisories/icsa-26-258-02
ics/2026/icsa-26-258-03.md	ics	https://www.cisa.gov/news-events/ics-advisories/icsa-26-258-03
ics/2026/icsa-26-258-04.md	ics	https://www.cisa.gov/news-events/ics-advisories/icsa-26-258-04
ics/2026/icsa-26-258-05.md	ics	https://www.cisa.gov/news-events/ics-advisories/icsa-26-258-05
ics/2026/icsa-26-258-06.md	ics	https://www.cisa.gov/news-events/ics-advisories/icsa-26-258-06
ics/2026/icsa-26-258-07.md	ics	https://www.cisa.gov/news-events/ics-advisories/icsa-26-258-07
ics/2026/icsa-26-258-08.md	ics	https://www.cisa.gov/news-events/ics-advisories/icsa-26-258-08
ics/2026/icsa-26-260-01.md	ics	https://www.cisa.gov/news-events/ics-advisories/icsa-26-260-01
ics/2026/icsa-26-260-02.md	ics	https://www.cisa.gov/news-events/ics-advisories/icsa-26-260-02
ics/2026/icsa-26-260-03.md	ics	https://www.cisa.gov/news-events/ics-advisories/icsa-26-260-03
ics/2026/icsa-26-260-04.md	ics	https://www.cisa.gov/news-events/ics-advisories/icsa-26-260-04
ics/2026/icsa-26-260-05.md	ics	https://www.cisa.gov/news-events/ics-advisories/icsa-26-260-05
ics/2026/icsa-26-260-06.md	ics	https://www.cisa.gov/news-events/ics-advisories/icsa-26-260-06
ics/2026/icsa-26-260-07.md	ics	https://www.cisa.gov/news-events/ics-advisories/icsa-26-260-07
ics/2026/icsa-26-265-01.md	ics	https://www.cisa.gov/news-events/ics-advisories/icsa-26-265-01
ics/2026/icsa-26-265-02.md	ics	https://www.cisa.gov/news-events/ics-advisories/icsa-26-265-02
ics/2026/icsa-26-265-03.md	ics	https://www.cisa.gov/news-events/ics-advisories/icsa-26-265-03
ics/2026/icsa-26-265-04.md	ics	https://www.cisa.gov/news-events/ics-advisories/icsa-26-265-04
ics/2026/icsa-26-265-05.md	ics	https://www.cisa.gov/news-events/ics-advisories/icsa-26-265-05
ics/2026/icsa-26-265-06.md	ics	https://www.cisa.gov/news-events/ics-advisories/icsa-26-265-06
ics/2026/icsa-26-265-07.md	ics	https://www.cisa.gov/news-events/ics-advisories/icsa-26-265-07
ics/2026/icsa-26-265-08.md	ics	https://www.cisa.gov/news-events/ics-advisories/icsa-26-265-08
ics/2026/icsa-26-265-09.md	ics	https://www.cisa.gov/news-events/ics-advisories/icsa-26-265-09
ics/2026/icsa-26-267-01.md	ics	https://www.cisa.gov/news-events/ics-advisories/icsa-26-267-01
ics/2026/icsa-26-267-02.md	ics	https://www.cisa.gov/news-events/ics-advisories/icsa-26-267-02
ics/2026/icsa-26-272-01.md	ics	https://www.cisa.gov/news-events/ics-advisories/icsa-26-272-01
ics/2026/icsa-26-272-02.md	ics	https://www.cisa.gov/news-events/ics-advisories/icsa-26-272-02
ics/2026/icsa-26-272-03.md	ics	https://www.cisa.gov/news-events/ics-advisories/icsa-26-272-03
ics/2026/icsa-26-272-04.md	ics	https://www.cisa.gov/news-events/ics-advisories/icsa-26-272-04
ics/2026/icsa-26-272-05.md	ics	https://www.cisa.gov/news-events/ics-advisories/icsa-26-272-05
ics/2026/icsa-26-272-06.md	ics	https://www.cisa.gov/news-events/ics-advisories/icsa-26-272-06
ics/2026/icsa-26-272-07.md	ics	https://www.cisa.gov/news-events/ics-advisories/icsa-26-272-07
ics/2026/icsa-26-274-01.md	ics	https://www.cisa.gov/news-events/ics-advisories/icsa-26-274-01
ics/2026/icsa-26-274-02.md	ics	https://www.cisa.gov/news-events/ics-advisories/icsa-26-274-02
ics/2026/icsa-26-274-03.md	ics	https://www.cisa.gov/news-events/ics-advisories/icsa-26-274-03
ics/2026/icsa-26-274-04.md	ics	https://www.cisa.gov/news-events/ics-advisories/icsa-26-274-04
ics/2026/icsa-26-274-05.md	ics	https://www.cisa.gov/news-events/ics-advisories/icsa-26-274-05
ics/2026/icsa-26-274-06.md	ics	https://www.cisa.gov/news-events/ics-advisories/icsa-26-274-06
ics/2026/icsma-26-041-01.md	ics-med	https://www.cisa.gov/news-events/ics-medical-advisories/icsma-26-041-01
ics/2026/icsma-26-083-01.md	ics-med	https://www.cisa.gov/news-events/ics-medical-advisories/icsma-26-083-01
ics/2026/icsma-26-146-01.md	ics-med	https://www.cisa.gov/news-events/ics-medical-advisories/icsma-26-146-01
ics/2026/icsma-26-148-01.md	ics-med	https://www.cisa.gov/news-events/ics-medical-advisories/icsma-26-148-01
ics/2026/icsma-26-169-01.md	ics-med	https://www.cisa.gov/news-events/ics-medical-advisories/icsma-26-169-01
ics/2026/icsma-26-176-01.md	ics-med	https://www.cisa.gov/news-events/ics-medical-advisories/icsma-26-176-01
ics/2026/icsma-26-176-02.md	ics-med	https://www.cisa.gov/news-events/ics-medical-advisories/icsma-26-176-02
ics/2026/icsma-26-181-01.md	ics-med	https://www.cisa.gov/news-events/ics-medical-advisories/icsma-26-181-01
ics/2026/icsma-26-216-01.md	ics-med	https://www.cisa.gov/news-events/ics-medical-advisories/icsma-26-216-01
ics/2026/icsma-26-218-01.md	ics-med	https://www.cisa.gov/news-events/ics-medical-advisories/icsma-26-218-01
ics/2026/icsma-26-223-01.md	ics-med	https://www.cisa.gov/news-events/ics-medical-advisories/icsma-26-223-01
ics/2026/icsma-26-223-02.md	ics-med	https://www.cisa.gov/news-events/ics-medical-advisories/icsma-26-223-02
ics/2026/icsma-26-225-01.md	ics-med	https://www.cisa.gov/news-events/ics-medical-advisories/icsma-26-225-01
ics/2026/icsma-26-253-01.md	ics-med	https://www.cisa.gov/news-events/ics-medical-advisories/icsma-26-253-01
ics/2026/icsma-26-253-02.md	ics-med	https://www.cisa.gov/news-events/ics-medical-advisories/icsma-26-253-02
